Workbook

Sheet Combined Data
B2: Mixture | C2: [KIO₃] in reaction mixture (M) | D2: ± M | E2: Time to colour-change (± 0.5 s)
B3: 1 | C3: ='P1 Times'!C8 -> 0.02 | D3: ='P1 Times'!D8 -> 0.0021 | E3: 26.38
B4: 2 | C4: ='P1 Times'!C9 -> 0.016 | D4: ='P1 Times'!D9 -> 0.00168 | E4: 33.2
B5: 3 | C5: ='P1 Times'!C10 -> 0.012 | D5: ='P1 Times'!D10 -> 0.00126 | E5: 41
B6: 4 | C6: ='P1 Times'!C11 -> 0.008 | D6: ='P1 Times'!D11 -> 0.00084 | E6: 63.37
B7: 5 | C7: ='P1 Times'!C12 -> 0.004 | D7: ='P1 Times'!D12 -> 0.00042 | E7: =2*60+16+0.55 -> 136.55
B9: Target Temperature (°C) | C9: T(KIO₃ tube) (± 0.5 °C) | D9: T(NaHSO₃ tube) (± 0.5 °C) | E9: Time to colour-change (± 0.5 s)
B10: 10 | C10: 9 | D10: 9 | E10: 32.5
B11: 20 | C11: 23 | D11: 23 | E11: 39.5
B12: 30 | C12: 35.5 | D12: 35.5 | E12: N/A
B13: 40 | C13: 41.9 | D13: 41.9 | E13: N/A
B14: 50 | C14: 52 | D14: 52 | E14: N/A

Sheet P1 Dilutions
B2: [KIO₃] of Solution A (M) | C2: 0.2 | D2: ± 0.002
B3: [NaHSO₃] of Solution B (M) | C3: 0.02 | D3: ± 0.0002
B4: Total volume per dilution (mL) | C4: 10 | D4: ± 0.1
B6: Mixture | C6: V(KIO₃) (± 0.05 mL) | D6: V(H₂O) (± 0.05 mL) | E6: [KIO₃] diluted (M)
B7: 1 | C7: 10 | D7: =$C$4-C7 -> 0 | E7: 0.200 ± 0.002
B8: 2 | C8: 8 | D8: =$C$4-C8 -> 2 | E8: 0.160 ± 0.004
B9: 3 | C9: 6 | D9: =$C$4-C9 -> 4 | E9: 0.120 ± 0.003
B10: 4 | C10: 4 | D10: =$C$4-C10 -> 6 | E10: 0.080 ± 0.003
B11: 5 | C11: 2 | D11: =$C$4-C11 -> 8 | E11: 0.040 ± 0.002
B14: Corrected Table of Values
B15: [KIO₃] of Solution A (M) | C15: 0.02 | D15: ± 0.002
B16: [NaHSO₃] of Solution B (M) | C16: 0.02 | D16: ± 0.0002
B17: Total volume per dilution (mL) | C17: 10 | D17: ± 0.1
B19: Mixture | C19: V(KIO₃) (± 0.05 mL) | D19: V(H₂O) (± 0.05 mL) | E19: [KIO₃] diluted (M) | F19: Uncertainty of Diluted Solution
B20: 1 | C20: 10 | D20: =$C$4-C20 -> 0 | E20: =$C$15*C20/10 -> 0.02 | F20: =((0.002/0.02)+(0.05/10))*E20 -> 0.0021
B21: 2 | C21: 8 | D21: =$C$4-C21 -> 2 | E21: =$C$15*C21/10 -> 0.016 | F21: =((0.002/0.02)+(0.05/10))*E21 -> 0.00168
B22: 3 | C22: 6 | D22: =$C$4-C22 -> 4 | E22: =$C$15*C22/10 -> 0.012 | F22: =((0.002/0.02)+(0.05/10))*E22 -> 0.00126
B23: 4 | C23: 4 | D23: =$C$4-C23 -> 6 | E23: =$C$15*C23/10 -> 0.008 | F23: =((0.002/0.02)+(0.05/10))*E23 -> 0.00084
B24: 5 | C24: 2 | D24: =$C$4-C24 -> 8 | E24: =$C$15*C24/10 -> 0.004 | F24: =((0.002/0.02)+(0.05/10))*E24 -> 0.00042

Sheet P1 Times
B2: V(KIO₃) / mL | C2: 5 | E2: ± 0.1 mL
B3: V(NaHSO₃) / mL | C3: 5 | E3: ± 0.1 mL
B4: [NaHSO₃] / M | C4: 0.02 | E4: ± 0.0002 M
B5: Room temperature / °C | C5: 24 | E5: ± 0.5 °C
B7: Mixture | C7: [KIO₃] in reaction mixture (M) | D7: ± M | E7: Time to colour-change (± 0.5 s)
B8: 1 | C8: ='P1 Dilutions'!E20 -> 0.02 | D8: ='P1 Dilutions'!F20 -> 0.0021 | E8: 26.38
B9: 2 | C9: ='P1 Dilutions'!E21 -> 0.016 | D9: ='P1 Dilutions'!F21 -> 0.00168 | E9: 33.2
B10: 3 | C10: ='P1 Dilutions'!E22 -> 0.012 | D10: ='P1 Dilutions'!F22 -> 0.00126 | E10: 41
B11: 4 | C11: ='P1 Dilutions'!E23 -> 0.008 | D11: ='P1 Dilutions'!F23 -> 0.00084 | E11: 63.37
B12: 5 | C12: ='P1 Dilutions'!E24 -> 0.004 | D12: ='P1 Dilutions'!F24 -> 0.00042 | E12: =2*60+16+0.55 -> 136.55

Sheet P2 Dilution + Times
B2: V(0.200 M KIO₃) (± 0.05 mL) | C2: V(distilled H₂O) (± 0.05 mL) | D2: Total volume (± 0.1 mL) | E2: [KIO₃] diluted (M) | K2: KIO3 Concentration | L2: Volume of KIO3 | M2: Volume of Distilled Water | N2: Diluted KIO3
B3: 10 | C3: 40 | D3: 50 | E3: 0.0400 ± 0.0007 | K3: 0.02 | L3: =10/1000 -> 0.01 | M3: =40/1000 -> 0.04
B6: Target Temperature (°C) | C6: T(KIO₃ tube) (± 0.5 °C) | D6: T(NaHSO₃ tube) (± 0.5 °C) | E6: Time to colour-change (± 0.5 s)
B7: 10 | C7: 9 | D7: 9 | E7: 32.5
B8: 20 | C8: 23 | D8: 23 | E8: 39.5
B9: 30 | C9: 35.5 | D9: 35.5 | E9: N/A
B10: 40 | C10: 41.9 | D10: 41.9 | E10: N/A
B11: 50 | C11: 52 | D11: 52 | E11: N/A
